<?xml version="1.0" encoding="UTF-8" standalone="no"?>
<Context docBase="D:\SysAlmacen\SysAlmacen\src\main\webapp" path="/SysAlmacen">
  
  <Resources cacheMaxSize="10240">
    <PreResources base="D:/SysAlmacen/SysAlmacen/target/classes" className="org.apache.catalina.webresources.DirResourceSet" webAppMount="/WEB-INF/classes"/>
    <PostResources base="C:/Users/Datos/.m2/repository/org/springframework/boot/spring-boot-starter-data-jpa/3.4.4/spring-boot-starter-data-jpa-3.4.4.jar" className="org.apache.catalina.webresources.FileResourceSet" webAppMount="/WEB-INF/lib/spring-boot-starter-data-jpa-3.4.4.jar"/>
    <PostResources base="C:/Users/Datos/.m2/repository/org/springframework/boot/spring-boot-starter/3.4.4/spring-boot-starter-3.4.4.jar" className="org.apache.catalina.webresources.FileResourceSet" webAppMount="/WEB-INF/lib/spring-boot-starter-3.4.4.jar"/>
    <PostResources base="C:/Users/Datos/.m2/repository/org/springframework/boot/spring-boot/3.4.4/spring-boot-3.4.4.jar" className="org.apache.catalina.webresources.FileResourceSet" webAppMount="/WEB-INF/lib/spring-boot-3.4.4.jar"/>
    <PostResources base="C:/Users/Datos/.m2/repository/org/springframework/boot/spring-boot-autoconfigure/3.4.4/spring-boot-autoconfigure-3.4.4.jar" className="org.apache.catalina.webresources.FileResourceSet" webAppMount="/WEB-INF/lib/spring-boot-autoconfigure-3.4.4.jar"/>
    <PostResources base="C:/Users/Datos/.m2/repository/org/springframework/boot/spring-boot-starter-logging/3.4.4/spring-boot-starter-logging-3.4.4.jar" className="org.apache.catalina.webresources.FileResourceSet" webAppMount="/WEB-INF/lib/spring-boot-starter-logging-3.4.4.jar"/>
    <PostResources base="C:/Users/Datos/.m2/repository/ch/qos/logback/logback-classic/1.5.18/logback-classic-1.5.18.jar" className="org.apache.catalina.webresources.FileResourceSet" webAppMount="/WEB-INF/lib/logback-classic-1.5.18.jar"/>
    <PostResources base="C:/Users/Datos/.m2/repository/ch/qos/logback/logback-core/1.5.18/logback-core-1.5.18.jar" className="org.apache.catalina.webresources.FileResourceSet" webAppMount="/WEB-INF/lib/logback-core-1.5.18.jar"/>
    <PostResources base="C:/Users/Datos/.m2/repository/org/apache/logging/log4j/log4j-to-slf4j/2.24.3/log4j-to-slf4j-2.24.3.jar" className="org.apache.catalina.webresources.FileResourceSet" webAppMount="/WEB-INF/lib/log4j-to-slf4j-2.24.3.jar"/>
    <PostResources base="C:/Users/Datos/.m2/repository/org/apache/logging/log4j/log4j-api/2.24.3/log4j-api-2.24.3.jar" className="org.apache.catalina.webresources.FileResourceSet" webAppMount="/WEB-INF/lib/log4j-api-2.24.3.jar"/>
    <PostResources base="C:/Users/Datos/.m2/repository/org/slf4j/jul-to-slf4j/2.0.17/jul-to-slf4j-2.0.17.jar" className="org.apache.catalina.webresources.FileResourceSet" webAppMount="/WEB-INF/lib/jul-to-slf4j-2.0.17.jar"/>
    <PostResources base="C:/Users/Datos/.m2/repository/org/yaml/snakeyaml/2.3/snakeyaml-2.3.jar" className="org.apache.catalina.webresources.FileResourceSet" webAppMount="/WEB-INF/lib/snakeyaml-2.3.jar"/>
    <PostResources base="C:/Users/Datos/.m2/repository/org/springframework/boot/spring-boot-starter-jdbc/3.4.4/spring-boot-starter-jdbc-3.4.4.jar" className="org.apache.catalina.webresources.FileResourceSet" webAppMount="/WEB-INF/lib/spring-boot-starter-jdbc-3.4.4.jar"/>
    <PostResources base="C:/Users/Datos/.m2/repository/com/zaxxer/HikariCP/5.1.0/HikariCP-5.1.0.jar" className="org.apache.catalina.webresources.FileResourceSet" webAppMount="/WEB-INF/lib/HikariCP-5.1.0.jar"/>
    <PostResources base="C:/Users/Datos/.m2/repository/org/springframework/spring-jdbc/6.2.5/spring-jdbc-6.2.5.jar" className="org.apache.catalina.webresources.FileResourceSet" webAppMount="/WEB-INF/lib/spring-jdbc-6.2.5.jar"/>
    <PostResources base="C:/Users/Datos/.m2/repository/org/hibernate/orm/hibernate-core/6.6.11.Final/hibernate-core-6.6.11.Final.jar" className="org.apache.catalina.webresources.FileResourceSet" webAppMount="/WEB-INF/lib/hibernate-core-6.6.11.Final.jar"/>
    <PostResources base="C:/Users/Datos/.m2/repository/jakarta/persistence/jakarta.persistence-api/3.1.0/jakarta.persistence-api-3.1.0.jar" className="org.apache.catalina.webresources.FileResourceSet" webAppMount="/WEB-INF/lib/jakarta.persistence-api-3.1.0.jar"/>
    <PostResources base="C:/Users/Datos/.m2/repository/jakarta/transaction/jakarta.transaction-api/2.0.1/jakarta.transaction-api-2.0.1.jar" className="org.apache.catalina.webresources.FileResourceSet" webAppMount="/WEB-INF/lib/jakarta.transaction-api-2.0.1.jar"/>
    <PostResources base="C:/Users/Datos/.m2/repository/org/jboss/logging/jboss-logging/3.6.1.Final/jboss-logging-3.6.1.Final.jar" className="org.apache.catalina.webresources.FileResourceSet" webAppMount="/WEB-INF/lib/jboss-logging-3.6.1.Final.jar"/>
    <PostResources base="C:/Users/Datos/.m2/repository/org/hibernate/common/hibernate-commons-annotations/7.0.3.Final/hibernate-commons-annotations-7.0.3.Final.jar" className="org.apache.catalina.webresources.FileResourceSet" webAppMount="/WEB-INF/lib/hibernate-commons-annotations-7.0.3.Final.jar"/>
    <PostResources base="C:/Users/Datos/.m2/repository/io/smallrye/jandex/3.2.0/jandex-3.2.0.jar" className="org.apache.catalina.webresources.FileResourceSet" webAppMount="/WEB-INF/lib/jandex-3.2.0.jar"/>
    <PostResources base="C:/Users/Datos/.m2/repository/com/fasterxml/classmate/1.7.0/classmate-1.7.0.jar" className="org.apache.catalina.webresources.FileResourceSet" webAppMount="/WEB-INF/lib/classmate-1.7.0.jar"/>
    <PostResources base="C:/Users/Datos/.m2/repository/net/bytebuddy/byte-buddy/1.15.11/byte-buddy-1.15.11.jar" className="org.apache.catalina.webresources.FileResourceSet" webAppMount="/WEB-INF/lib/byte-buddy-1.15.11.jar"/>
    <PostResources base="C:/Users/Datos/.m2/repository/org/glassfish/jaxb/jaxb-runtime/4.0.5/jaxb-runtime-4.0.5.jar" className="org.apache.catalina.webresources.FileResourceSet" webAppMount="/WEB-INF/lib/jaxb-runtime-4.0.5.jar"/>
    <PostResources base="C:/Users/Datos/.m2/repository/org/glassfish/jaxb/jaxb-core/4.0.5/jaxb-core-4.0.5.jar" className="org.apache.catalina.webresources.FileResourceSet" webAppMount="/WEB-INF/lib/jaxb-core-4.0.5.jar"/>
    <PostResources base="C:/Users/Datos/.m2/repository/org/eclipse/angus/angus-activation/2.0.2/angus-activation-2.0.2.jar" className="org.apache.catalina.webresources.FileResourceSet" webAppMount="/WEB-INF/lib/angus-activation-2.0.2.jar"/>
    <PostResources base="C:/Users/Datos/.m2/repository/org/glassfish/jaxb/txw2/4.0.5/txw2-4.0.5.jar" className="org.apache.catalina.webresources.FileResourceSet" webAppMount="/WEB-INF/lib/txw2-4.0.5.jar"/>
    <PostResources base="C:/Users/Datos/.m2/repository/com/sun/istack/istack-commons-runtime/4.1.2/istack-commons-runtime-4.1.2.jar" className="org.apache.catalina.webresources.FileResourceSet" webAppMount="/WEB-INF/lib/istack-commons-runtime-4.1.2.jar"/>
    <PostResources base="C:/Users/Datos/.m2/repository/jakarta/inject/jakarta.inject-api/2.0.1/jakarta.inject-api-2.0.1.jar" className="org.apache.catalina.webresources.FileResourceSet" webAppMount="/WEB-INF/lib/jakarta.inject-api-2.0.1.jar"/>
    <PostResources base="C:/Users/Datos/.m2/repository/org/antlr/antlr4-runtime/4.13.0/antlr4-runtime-4.13.0.jar" className="org.apache.catalina.webresources.FileResourceSet" webAppMount="/WEB-INF/lib/antlr4-runtime-4.13.0.jar"/>
    <PostResources base="C:/Users/Datos/.m2/repository/org/springframework/data/spring-data-jpa/3.4.4/spring-data-jpa-3.4.4.jar" className="org.apache.catalina.webresources.FileResourceSet" webAppMount="/WEB-INF/lib/spring-data-jpa-3.4.4.jar"/>
    <PostResources base="C:/Users/Datos/.m2/repository/org/springframework/data/spring-data-commons/3.4.4/spring-data-commons-3.4.4.jar" className="org.apache.catalina.webresources.FileResourceSet" webAppMount="/WEB-INF/lib/spring-data-commons-3.4.4.jar"/>
    <PostResources base="C:/Users/Datos/.m2/repository/org/springframework/spring-orm/6.2.5/spring-orm-6.2.5.jar" className="org.apache.catalina.webresources.FileResourceSet" webAppMount="/WEB-INF/lib/spring-orm-6.2.5.jar"/>
    <PostResources base="C:/Users/Datos/.m2/repository/org/springframework/spring-context/6.2.5/spring-context-6.2.5.jar" className="org.apache.catalina.webresources.FileResourceSet" webAppMount="/WEB-INF/lib/spring-context-6.2.5.jar"/>
    <PostResources base="C:/Users/Datos/.m2/repository/org/springframework/spring-aop/6.2.5/spring-aop-6.2.5.jar" className="org.apache.catalina.webresources.FileResourceSet" webAppMount="/WEB-INF/lib/spring-aop-6.2.5.jar"/>
    <PostResources base="C:/Users/Datos/.m2/repository/org/springframework/spring-tx/6.2.5/spring-tx-6.2.5.jar" className="org.apache.catalina.webresources.FileResourceSet" webAppMount="/WEB-INF/lib/spring-tx-6.2.5.jar"/>
    <PostResources base="C:/Users/Datos/.m2/repository/org/springframework/spring-beans/6.2.5/spring-beans-6.2.5.jar" className="org.apache.catalina.webresources.FileResourceSet" webAppMount="/WEB-INF/lib/spring-beans-6.2.5.jar"/>
    <PostResources base="C:/Users/Datos/.m2/repository/org/slf4j/slf4j-api/2.0.17/slf4j-api-2.0.17.jar" className="org.apache.catalina.webresources.FileResourceSet" webAppMount="/WEB-INF/lib/slf4j-api-2.0.17.jar"/>
    <PostResources base="C:/Users/Datos/.m2/repository/org/springframework/spring-aspects/6.2.5/spring-aspects-6.2.5.jar" className="org.apache.catalina.webresources.FileResourceSet" webAppMount="/WEB-INF/lib/spring-aspects-6.2.5.jar"/>
    <PostResources base="C:/Users/Datos/.m2/repository/org/aspectj/aspectjweaver/1.9.23/aspectjweaver-1.9.23.jar" className="org.apache.catalina.webresources.FileResourceSet" webAppMount="/WEB-INF/lib/aspectjweaver-1.9.23.jar"/>
    <PostResources base="C:/Users/Datos/.m2/repository/org/springframework/boot/spring-boot-starter-web/3.4.4/spring-boot-starter-web-3.4.4.jar" className="org.apache.catalina.webresources.FileResourceSet" webAppMount="/WEB-INF/lib/spring-boot-starter-web-3.4.4.jar"/>
    <PostResources base="C:/Users/Datos/.m2/repository/org/springframework/boot/spring-boot-starter-json/3.4.4/spring-boot-starter-json-3.4.4.jar" className="org.apache.catalina.webresources.FileResourceSet" webAppMount="/WEB-INF/lib/spring-boot-starter-json-3.4.4.jar"/>
    <PostResources base="C:/Users/Datos/.m2/repository/com/fasterxml/jackson/core/jackson-databind/2.18.3/jackson-databind-2.18.3.jar" className="org.apache.catalina.webresources.FileResourceSet" webAppMount="/WEB-INF/lib/jackson-databind-2.18.3.jar"/>
    <PostResources base="C:/Users/Datos/.m2/repository/com/fasterxml/jackson/core/jackson-annotations/2.18.3/jackson-annotations-2.18.3.jar" className="org.apache.catalina.webresources.FileResourceSet" webAppMount="/WEB-INF/lib/jackson-annotations-2.18.3.jar"/>
    <PostResources base="C:/Users/Datos/.m2/repository/com/fasterxml/jackson/core/jackson-core/2.18.3/jackson-core-2.18.3.jar" className="org.apache.catalina.webresources.FileResourceSet" webAppMount="/WEB-INF/lib/jackson-core-2.18.3.jar"/>
    <PostResources base="C:/Users/Datos/.m2/repository/com/fasterxml/jackson/datatype/jackson-datatype-jdk8/2.18.3/jackson-datatype-jdk8-2.18.3.jar" className="org.apache.catalina.webresources.FileResourceSet" webAppMount="/WEB-INF/lib/jackson-datatype-jdk8-2.18.3.jar"/>
    <PostResources base="C:/Users/Datos/.m2/repository/com/fasterxml/jackson/datatype/jackson-datatype-jsr310/2.18.3/jackson-datatype-jsr310-2.18.3.jar" className="org.apache.catalina.webresources.FileResourceSet" webAppMount="/WEB-INF/lib/jackson-datatype-jsr310-2.18.3.jar"/>
    <PostResources base="C:/Users/Datos/.m2/repository/com/fasterxml/jackson/module/jackson-module-parameter-names/2.18.3/jackson-module-parameter-names-2.18.3.jar" className="org.apache.catalina.webresources.FileResourceSet" webAppMount="/WEB-INF/lib/jackson-module-parameter-names-2.18.3.jar"/>
    <PostResources base="C:/Users/Datos/.m2/repository/org/springframework/spring-web/6.2.5/spring-web-6.2.5.jar" className="org.apache.catalina.webresources.FileResourceSet" webAppMount="/WEB-INF/lib/spring-web-6.2.5.jar"/>
    <PostResources base="C:/Users/Datos/.m2/repository/io/micrometer/micrometer-observation/1.14.5/micrometer-observation-1.14.5.jar" className="org.apache.catalina.webresources.FileResourceSet" webAppMount="/WEB-INF/lib/micrometer-observation-1.14.5.jar"/>
    <PostResources base="C:/Users/Datos/.m2/repository/io/micrometer/micrometer-commons/1.14.5/micrometer-commons-1.14.5.jar" className="org.apache.catalina.webresources.FileResourceSet" webAppMount="/WEB-INF/lib/micrometer-commons-1.14.5.jar"/>
    <PostResources base="C:/Users/Datos/.m2/repository/org/springframework/spring-webmvc/6.2.5/spring-webmvc-6.2.5.jar" className="org.apache.catalina.webresources.FileResourceSet" webAppMount="/WEB-INF/lib/spring-webmvc-6.2.5.jar"/>
    <PostResources base="C:/Users/Datos/.m2/repository/org/springframework/spring-expression/6.2.5/spring-expression-6.2.5.jar" className="org.apache.catalina.webresources.FileResourceSet" webAppMount="/WEB-INF/lib/spring-expression-6.2.5.jar"/>
    <PostResources base="C:/Users/Datos/.m2/repository/com/mysql/mysql-connector-j/9.1.0/mysql-connector-j-9.1.0.jar" className="org.apache.catalina.webresources.FileResourceSet" webAppMount="/WEB-INF/lib/mysql-connector-j-9.1.0.jar"/>
    <PostResources base="C:/Users/Datos/.m2/repository/org/projectlombok/lombok/1.18.36/lombok-1.18.36.jar" className="org.apache.catalina.webresources.FileResourceSet" webAppMount="/WEB-INF/lib/lombok-1.18.36.jar"/>
    <PostResources base="C:/Users/Datos/.m2/repository/jakarta/annotation/jakarta.annotation-api/2.1.1/jakarta.annotation-api-2.1.1.jar" className="org.apache.catalina.webresources.FileResourceSet" webAppMount="/WEB-INF/lib/jakarta.annotation-api-2.1.1.jar"/>
    <PostResources base="C:/Users/Datos/.m2/repository/jakarta/xml/bind/jakarta.xml.bind-api/4.0.2/jakarta.xml.bind-api-4.0.2.jar" className="org.apache.catalina.webresources.FileResourceSet" webAppMount="/WEB-INF/lib/jakarta.xml.bind-api-4.0.2.jar"/>
    <PostResources base="C:/Users/Datos/.m2/repository/jakarta/activation/jakarta.activation-api/2.1.3/jakarta.activation-api-2.1.3.jar" className="org.apache.catalina.webresources.FileResourceSet" webAppMount="/WEB-INF/lib/jakarta.activation-api-2.1.3.jar"/>
    <PostResources base="C:/Users/Datos/.m2/repository/org/springframework/spring-core/6.2.5/spring-core-6.2.5.jar" className="org.apache.catalina.webresources.FileResourceSet" webAppMount="/WEB-INF/lib/spring-core-6.2.5.jar"/>
    <PostResources base="C:/Users/Datos/.m2/repository/org/springframework/spring-jcl/6.2.5/spring-jcl-6.2.5.jar" className="org.apache.catalina.webresources.FileResourceSet" webAppMount="/WEB-INF/lib/spring-jcl-6.2.5.jar"/>
  </Resources>
</Context>
